"","city","latitude","longitude"
"1","Acalanes Ridge",37.9,-122.08
"2","Acampo",38.17,-121.28
"3","Acton",34.5,-118.19
"4","Adelanto city",34.59,-117.44
"5","Adin",41.2,-120.95
"6","Agoura Hills city",34.15,-118.76
"7","Agua Dulce",34.5,-118.32
"8","Aguanga",33.45,-116.86
"9","Ahwahnee",37.37,-119.72
"10","Airport",37.63,-120.98
"11","Alameda city",37.76,-122.27
"12","Alamo",37.85,-122.01
"13","Albany city",37.88,-122.33
"14","Albion",39.23,-123.76
"15","Alderpoint",40.16,-123.62
"16","Alhambra city",34.08,-118.14
"17","Alhambra Valley",37.97,-122.14
"18","Aliso Viejo city",33.58,-117.73
"19","Alleghany",39.47,-120.84
"20","Allendale",38.44,-121.98
"21","Allensworth",35.85,-119.39
"22","Almanor",40.21,-121.18
"23","Alondra Park",33.89,-118.33
"24","Alpaugh",35.89,-119.49
"25","Alpine",32.84,-116.76
"26","Alpine Village",38.79,-119.8
"27","Alta",39.21,-120.8
"28","Alta Sierra",39.12,-121.05
"29","Altadena",34.19,-118.14
"30","Alto",37.91,-122.52
"31","Alturas city",41.49,-120.55
"32","Alum Rock",37.37,-121.83
"33","Amador City city",38.42,-120.82
"34","American Canyon city",38.18,-122.26
"35","Amesti",36.96,-121.78
"36","Anaheim city",33.84,-117.86
"37","Anchor Bay",38.81,-123.57
"38","Anderson city",40.45,-122.3
"39","Angels city",38.07,-120.55
"40","Angwin",38.58,-122.45
"41","Antelope",38.72,-121.36
"42","Antioch city",37.98,-121.8
"43","Anza",33.57,-116.7
"44","Apple Valley town",34.53,-117.21
"45","Aptos",36.99,-121.89
"46","Aptos Hills-Larkin Valley",36.96,-121.83
"47","Arbuckle",39.01,-122.06
"48","Arcadia city",34.13,-118.04
"49","Arcata city",40.86,-124.08
"50","Arden-Arcade",38.6,-121.38
"51","Armona",36.32,-119.71
"52","Arnold",38.24,-120.35
"53","Aromas",36.88,-121.64
"54","Arroyo Grande city",35.12,-120.58
"55","Artesia city",33.87,-118.08
"56","Artois",39.63,-122.19
"57","Arvin city",35.19,-118.83
"58","Ashland",37.69,-122.12
"59","Aspen Springs",37.55,-118.71
"60","Atascadero city",35.48,-120.69
"61","Atherton town",37.45,-122.2
"62","Atwater city",37.35,-120.6
"63","Auberry",37.08,-119.49
"64","Auburn city",38.89,-121.08
"65","Auburn Lake Trails",38.89,-120.98
"66","August",37.98,-121.26
"67","Avalon city",33.33,-118.33
"68","Avenal city",36.03,-120.12
"69","Avery",38.19,-120.38
"70","Avilla Beach",35.2,-120.72
"71","Avocado Heights",34.04,-118
"72","Azusa city",34.14,-117.91
"73","Baker",35.28,-116.07
"74","Bakersfield city",35.35,-119.03
"75","Baldwin Park city",34.08,-117.97
"76","Ballard",34.63,-120.12
"77","Ballico",37.45,-120.7
"78","Bangor",39.38,-121.41
"79","Banning city",33.95,-116.9
"80","Barstow city",34.87,-117.05
"81","Bass Lake",37.33,-119.57
"82","Bay Point",38.03,-121.96
"83","Bayview",40.77,-124.18
"84","Bayview",38.01,-122.32
"85","Beale AFB",39.11,-121.35
"86","Bear Creek",37.3,-120.42
"87","Bear Valley",37.57,-120.12
"88","Bear Valley",38.47,-120.05
"89","Bear Valley Springs",35.18,-118.65
"90","Beaumont city",33.91,-116.98
"91","Beckwourth",39.85,-120.41
"92","Belden",40,-121.25
"93","Bell Canyon",34.21,-118.69
"94","Bell city",33.98,-118.18
"95","Bell Gardens city",33.97,-118.16
"96","Bella Vista",40.65,-122.24
"97","Bellflower city",33.89,-118.13
"98","Belmont city",37.52,-122.3
"99","Belvedere city",37.87,-122.47
"100","Ben Lomond",37.08,-122.09
"101","Benbow",40.06,-123.77
"102","Bend",40.26,-122.21
"103","Benicia city",38.07,-122.15
"104","Benton",37.82,-118.48
"105","Berkeley city",37.87,-122.3
"106","Bermuda Dunes",33.74,-116.29
"107","Berry Creek",39.63,-121.41
"108","Bertsch-Oceanview",41.75,-124.16
"109","Bethel Island",38.03,-121.64
"110","Beverly Hills city",34.08,-118.4
"111","Bieber",41.13,-121.13
"112","Big Bear City",34.25,-116.79
"113","Big Bear Lake city",34.24,-116.9
"114","Big Bend",41.01,-121.92
"115","Big Creek",37.2,-119.25
"116","Big Lagoon",41.16,-124.13
"117","Big Pine",37.17,-118.3
"118","Big River",34.14,-114.36
"119","Biggs city",39.41,-121.71
"120","Biola",36.8,-120.02
"121","Bishop city",37.37,-118.4
"122","Black Point-Green Point",38.11,-122.52
"123","Blackhawk",37.82,-121.91
"124","Blacklake",35.05,-120.54
"125","Blairsden",39.78,-120.61
"126","Bloomfield",38.32,-122.85
"127","Bloomington",34.06,-117.4
"128","Blue Lake city",40.88,-123.99
"129","Blythe city",33.62,-114.62
"130","Bodega Bay",38.32,-123.03
"131","Bodega",38.35,-122.97
"132","Bodfish",35.58,-118.48
"133","Bolinas",37.92,-122.71
"134","Bombay Beach",33.35,-115.73
"135","Bonadelle Ranchos-Madera Ranchos",36.96,-119.89
"136","Bonita",32.67,-117.03
"137","Bonny Doon",37.04,-122.14
"138","Bonsall",33.28,-117.19
"139","Boonville",39.01,-123.37
"140","Bootjack",37.47,-119.89
"141","Boron",35.02,-117.67
"142","Boronda",36.69,-121.67
"143","Borrego Springs",33.24,-116.36
"144","Bostonia",32.82,-116.95
"145","Boulder Creek",37.13,-122.13
"146","Boulevard",32.66,-116.29
"147","Bowles",36.61,-119.75
"148","Boyes Hot Springs",38.31,-122.49
"149","Bradbury city",34.15,-117.97
"150","Bradley",35.86,-120.8
"151","Brawley city",32.98,-115.53
"152","Brea city",33.93,-117.87
"153","Brentwood city",37.94,-121.72
"154","Bret Harte",37.6,-121
"155","Bridgeport",38.26,-119.21
"156","Brisbane city",37.69,-122.34
"157","Broadmoor",37.69,-122.48
"158","Brookdale",37.11,-122.11
"159","Brooktrails",39.44,-123.4
"160","Buck Meadows",37.81,-120.07
"161","Buckhorn",38.45,-120.54
"162","Bucks Lake",39.88,-121.19
"163","Buellton city",34.62,-120.19
"164","Buena Park city",33.86,-118
"165","Buena Vista",38.3,-120.92
"166","Burbank",37.32,-121.93
"167","Burbank city",34.19,-118.32
"168","Burlingame city",37.59,-122.36
"169","Burney",40.88,-121.67
"170","Burnt Ranch",40.81,-123.51
"171","Butte Creek Canyon",39.75,-121.7
"172","Butte Meadows",40.09,-121.54
"173","Butte Valley",39.66,-121.64
"174","Buttonwillow",35.41,-119.44
"175","Byron",37.88,-121.64
"176","Bystrom",37.62,-120.98
"177","C-Road",39.76,-120.58
"178","Cabazon",33.91,-116.78
"179","Calabasas city",34.14,-118.67
"180","Calexico city",32.68,-115.49
"181","California City city",35.16,-117.87
"182","California Hot Springs",35.89,-118.66
"183","California Pines",41.41,-120.66
"184","Calimesa city",33.99,-117.05
"185","Calipatria city",33.15,-115.51
"186","Calistoga city",38.58,-122.58
"187","Callender",35.05,-120.58
"188","Calpella",39.23,-123.2
"189","Calpine",39.66,-120.44
"190","Calwa",36.71,-119.76
"191","Camanche North Shore",38.24,-120.95
"192","Camanche Village",38.27,-120.99
"193","Camarillo city",34.22,-119.03
"194","Cambria",35.55,-121.08
"195","Cambrian Park",37.26,-121.93
"196","Cameron Park",38.67,-120.99
"197","Camino",38.74,-120.68
"198","Camino Tassajara",37.79,-121.88
"199","Camp Nelson",36.14,-118.61
"200","Camp Pendleton North",33.31,-117.32
"201","Camp Pendleton South",33.23,-117.38
"202","Campbell city",37.28,-121.95
"203","Campo",32.64,-116.47
"204","Camptonville",39.45,-121.05
"205","Canby",41.45,-120.88
"206","Cantua Creek",36.5,-120.32
"207","Canyon Lake city",33.69,-117.26
"208","Canyondam",40.17,-121.08
"209","Capitola city",36.98,-121.95
"210","Caribou",40.08,-121.16
"211","Carlsbad city",33.12,-117.28
"212","Carmel Valley Village",36.48,-121.72
"213","Carmel-by-the-Sea city",36.55,-121.92
"214","Carmet",38.37,-123.07
"215","Carmichael",38.63,-121.32
"216","Carnelian Bay",39.23,-120.08
"217","Carpinteria city",34.38,-119.51
"218","Carrick",41.45,-122.36
"219","Carson city",33.84,-118.26
"220","Cartago",36.31,-118.03
"221","Caruthers",36.54,-119.85
"222","Casa Conejo",34.18,-118.94
"223","Casa de Oro-Mount Helix",32.76,-116.97
"224","Casmalia",34.84,-120.53
"225","Caspar",39.36,-123.8
"226","Cassel",40.92,-121.55
"227","Castaic",34.48,-118.63
"228","Castle Hill",37.87,-122.06
"229","Castro Valley",37.71,-122.06
"230","Castroville",36.77,-121.75
"231","Cathedral City city",33.84,-116.47
"232","Catheys Valley",37.44,-120.09
"233","Cayucos",35.44,-120.89
"234","Cazadero",38.53,-123.1
"235","Cedar Ridge",38.07,-120.27
"236","Cedar Slope",36.14,-118.58
"237","Cedarville",41.53,-120.17
"238","Centerville",36.74,-119.5
"239","Ceres city",37.6,-120.95
"240","Cerritos city",33.87,-118.07
"241","Chalfant",37.51,-118.38
"242","Challenge-Brownsville",39.46,-121.26
"243","Channel Islands Beach",34.16,-119.22
"244","Charter Oak",34.1,-117.86
"245","Cherokee",39.65,-121.53
"246","Cherokee Strip",35.47,-119.26
"247","Cherry Valley",33.98,-116.97
"248","Cherryland",37.68,-122.1
"249","Chester",40.3,-121.23
"250","Chico city",39.76,-121.82
"251","Chilcoot-Vinton",39.81,-120.14
"252","China Lake Acres",35.64,-117.77
"253","Chinese Camp",37.87,-120.44
"254","Chino city",33.98,-117.67
"255","Chino Hills city",33.95,-117.73
"256","Chowchilla city",37.11,-120.23
"257","Chualar",36.57,-121.51
"258","Chula Vista city",32.63,-117.01
"259","Citrus",34.12,-117.89
"260","Citrus Heights city",38.69,-121.29
"261","Claremont city",34.13,-117.72
"262","Clarksburg",38.42,-121.54
"263","Clay",38.31,-121.16
"264","Clayton city",37.94,-121.93
"265","Clear Creek",40.3,-121.05
"266","Clearlake city",38.96,-122.63
"267","Clearlake Oaks",39.02,-122.66
"268","Clearlake Riviera",38.95,-122.72
"269","Cleone",39.49,-123.78
"270","Clio",39.75,-120.57
"271","Clipper Mills",39.53,-121.17
"272","Cloverdale city",38.8,-123.02
"273","Clovis city",36.83,-119.69
"274","Clyde",38.03,-122.03
"275","Coachella city",33.69,-116.15
"276","Coalinga city",36.14,-120.33
"277","Coarsegold",37.25,-119.7
"278","Cobb",38.84,-122.72
"279","Coffee Creek",41.08,-122.71
"280","Cohasset",39.9,-121.74
"281","Cold Springs",38.75,-120.88
"282","Cold Springs",38.16,-120.05
"283","Coleville",38.58,-119.52
"284","Colfax city",39.09,-120.95
"285","College City",39.01,-122.01
"286","Collierville",38.21,-121.27
"287","Colma town",37.68,-122.45
"288","Coloma",38.8,-120.89
"289","Colton city",34.05,-117.33
"290","Columbia",38.03,-120.41
"291","Colusa city",39.2,-122.01
"292","Commerce city",34,-118.15
"293","Comptche",39.27,-123.59
"294","Compton city",33.89,-118.23
"295","Concord city",37.97,-122
"296","Concow",39.77,-121.52
"297","Contra Costa Centre",37.93,-122.05
"298","Copperopolis",37.94,-120.63
"299","Corcoran city",36.08,-119.56
"300","Corning city",39.93,-122.18
"301","Corona city",33.86,-117.56
"302","Coronado city",32.64,-117.17
"303","Coronita",33.88,-117.61
"304","Corralitos",36.99,-121.79
"305","Corte Madera town",37.93,-122.51
"306","Costa Mesa city",33.67,-117.91
"307","Cotati city",38.33,-122.71
"308","Coto de Caza",33.6,-117.59
"309","Cottonwood",40.39,-122.29
"310","Coultervillle",37.71,-120.2
"311","Country Club",37.97,-121.34
"312","Courtland",38.33,-121.56
"313","Covelo",39.8,-123.25
"314","Covina city",34.09,-117.88
"315","Cowan",37.56,-120.99
"316","Crescent City city",41.77,-124.19
"317","Crescent Mills",40.1,-120.92
"318","Cressey",37.42,-120.66
"319","Crest",32.8,-116.87
"320","Crestline",34.25,-117.29
"321","Crestmore Heights",34.03,-117.4
"322","Creston",35.52,-120.52
"323","Crockett",38.05,-122.22
"324","Cromberg",39.87,-120.69
"325","Crowley Lake",37.57,-118.75
"326","Crows Landing",37.39,-121.08
"327","Cudahy city",33.96,-118.18
"328","Culver City city",34.01,-118.4
"329","Cupertino city",37.32,-122.05
"330","Cutler",36.53,-119.29
"331","Cutten",40.77,-124.14
"332","Cuyama",34.93,-119.61
"333","Cypress city",33.82,-118.04
"334","Daly City city",37.69,-122.47
"335","Dana Point city",33.44,-117.71
"336","Danville town",37.81,-121.97
"337","Daphnedale Park",41.51,-120.55
"338","Darwin",36.27,-117.59
"339","Davenport",37.02,-122.19
"340","Davis city",38.56,-121.74
"341","Day Valley",37.03,-121.86
"342","Deer Park",38.54,-122.47
"343","Del Aire",33.92,-118.37
"344","Del Mar city",32.96,-117.26
"345","Del Monte Forest",36.58,-121.95
"346","Del Rey",36.66,-119.6
"347","Del Rey Oaks city",36.59,-121.84
"348","Del Rio",37.74,-121.01
"349","Delano city",35.77,-119.26
"350","Delft Colony",36.51,-119.45
"351","Delhi",37.43,-120.78
"352","Delleker",39.81,-120.5
"353","Denair",37.53,-120.8
"354","Derby Acres",35.24,-119.6
"355","Descanso",32.87,-116.63
"356","Desert Center",33.74,-115.37
"357","Desert Edge",33.92,-116.44
"358","Desert Hot Springs city",33.97,-116.55
"359","Desert Palms",33.78,-116.29
"360","Desert Shores",33.4,-116.04
"361","Desert View Highlands",34.59,-118.15
"362","Diablo",37.84,-121.96
"363","Diablo Grande",37.4,-121.27
"364","Diamond Bar city",34,-117.82
"365","Diamond Springs",38.69,-120.84
"366","Dillon Beach",38.24,-122.96
"367","Dinuba city",36.55,-119.4
"368","Discovery Bay",37.91,-121.6
"369","Dixon city",38.45,-121.82
"370","Dixon Lane-Meadow Creek",37.39,-118.42
"371","Dobbins",39.37,-121.21
"372","Dogtown",38.21,-121.16
"373","Dollar Point",39.19,-120.11
"374","Dorrington",38.29,-120.27
"375","Dorris city",41.96,-121.92
"376","Dos Palos city",36.99,-120.63
"377","Dos Palos Y",37.05,-120.64
"378","Douglas City",40.66,-122.93
"379","Downey city",33.94,-118.13
"380","Downieville",39.57,-120.82
"381","Doyle",40.03,-120.12
"382","Drytown",38.44,-120.86
"383","Duarte city",34.16,-117.95
"384","Dublin city",37.72,-121.9
"385","Ducor",35.89,-119.05
"386","Dunnigan",38.89,-121.97
"387","Dunsmuir city",41.23,-122.27
"388","Durham",39.62,-121.79
"389","Dustin Acres",35.22,-119.37
"390","Dutch Flat",39.21,-120.83
"391","Eagleville",41.32,-120.11
"392","Earlimart",35.88,-119.27
"393","East Foothills",37.38,-121.82
"394","East Hemet",33.73,-116.94
"395","East La Mirada",33.92,-117.99
"396","East Los Angeles",34.03,-118.17
"397","East Nicolaus",38.91,-121.54
"398","East Oakdale",37.78,-120.8
"399","East Orosi",36.55,-119.26
"400","East Palo Alto city",37.47,-122.13
"401","East Pasadena",34.14,-118.08
"402","East Porterville",36.06,-118.97
"403","East Quincy",39.92,-120.92
"404","East Rancho Dominguez",33.89,-118.2
"405","East Richmond Heights",37.95,-122.31
"406","East San Gabriel",34.12,-118.08
"407","East Shore",40.25,-121.08
"408","East Sonora",37.98,-120.34
"409","East Tulare Villa",36.2,-119.28
"410","Easton",36.65,-119.79
"411","Eastvale",33.96,-117.58
"412","Edgewood",41.46,-122.43
"413","Edmundson Acres",35.23,-118.82
"414","Edna",35.21,-120.61
"415","Edwards AFB",34.9,-117.93
"416","El Cajon city",32.8,-116.96
"417","El Centro city",32.79,-115.56
"418","El Cerrito",33.84,-117.52
"419","El Cerrito city",37.92,-122.3
"420","El Dorado Hills",38.67,-121.05
"421","El Granada",37.51,-122.47
"422","El Monte city",34.07,-118.03
"423","El Nido",37.13,-120.5
"424","El Paso de Robles (Paso Robles) city",35.64,-120.66
"425","El Portal",37.67,-119.79
"426","El Rancho",36.22,-119.07
"427","El Rio",34.25,-119.16
"428","El Segundo city",33.92,-118.4
"429","El Sobrante",33.87,-117.46
"430","El Sobrante",37.97,-122.3
"431","El Verano",38.3,-122.49
"432","Eldridge",38.33,-122.51
"433","Elizabeth Lake",34.66,-118.38
"434","Elk Creek",39.6,-122.54
"435","Elk Grove city",38.42,-121.38
"436","Elkhorn",36.81,-121.72
"437","Elmira",38.35,-121.91
"438","Elverta",38.72,-121.45
"439","Emerald Lake Hills",37.47,-122.27
"440","Emeryville city",37.84,-122.3
"441","Empire",37.64,-120.9
"442","Encinitas city",33.05,-117.26
"443","Escalon city",37.79,-121
"444","Escondido city",33.13,-117.07
"445","Esparto",38.69,-122.02
"446","Etna city",41.46,-122.89
"447","Eucalyptus Hills",32.89,-116.95
"448","Eureka city",40.79,-124.16
"449","Exeter city",36.29,-119.15
"450","Fair Oaks",38.65,-121.25
"451","Fairbanks Ranch",32.99,-117.19
"452","Fairfax town",37.99,-122.6
"453","Fairfield city",38.26,-122.04
"454","Fairmead",37.08,-120.2
"455","Fairview",37.68,-122.05
"456","Fall River Mills",41.01,-121.44
"457","Fallbrook",33.37,-117.23
"458","Farmersville city",36.31,-119.21
"459","Farmington",37.93,-121
"460","Fellows",35.18,-119.55
"461","Felton",37.04,-122.08
"462","Ferndale city",40.58,-124.26
"463","Fetters Hot Springs-Agua Caliente",38.33,-122.49
"464","Fiddletown",38.51,-120.76
"465","Fieldbrook",40.97,-124.03
"466","Fields Landing",40.72,-124.22
"467","Fillmore city",34.4,-118.92
"468","Firebaugh city",36.85,-120.45
"469","Fish Camp",37.48,-119.64
"470","Florence-Graham",33.97,-118.24
"471","Florin",38.48,-121.4
"472","Floriston",39.39,-120.02
"473","Flournoy",39.93,-122.45
"474","Folsom city",38.68,-121.15
"475","Fontana city",34.1,-117.46
"476","Foothill Farms",38.69,-121.35
"477","Forbestown",39.53,-121.27
"478","Ford City",35.16,-119.46
"479","Forest Meadows",38.17,-120.41
"480","Forest Ranch",39.9,-121.67
"481","Foresthill",39.01,-120.83
"482","Forestville",38.48,-122.89
"483","Fort Bidwell",41.86,-120.16
"484","Fort Bragg city",39.44,-123.8
"485","Fort Irwin",35.25,-116.68
"486","Fort Jones city",41.61,-122.84
"487","Fort Washington",36.88,-119.76
"488","Fortuna city",40.59,-124.14
"489","Foster City city",37.58,-122.24
"490","Fountain Valley city",33.71,-117.95
"491","Fowler city",36.62,-119.67
"492","Franklin",37.33,-120.53
"493","Franklin",38.37,-121.46
"494","Frazier Park",34.81,-118.95
"495","Freedom",36.94,-121.8
"496","Freeport",38.46,-121.5
"497","Fremont city",37.52,-122
"498","French Camp",37.88,-121.28
"499","French Gulch",40.72,-122.63
"500","French Valley",33.6,-117.11
"501","Fresno city",36.78,-119.79
"502","Friant",36.98,-119.71
"503","Fruitdale",37.31,-121.94
"504","Fruitridge Pocket",38.53,-121.46
"505","Fuller Acres",35.3,-118.91
"506","Fullerton city",33.88,-117.93
"507","Fulton",38.49,-122.77
"508","Furnace Creek",36.43,-116.87
"509","Galt city",38.27,-121.3
"510","Garberville",40.1,-123.79
"511","Garden Acres",37.96,-121.23
"512","Garden Farms",35.42,-120.61
"513","Garden Grove city",33.78,-117.96
"514","Gardena city",33.89,-118.31
"515","Garey",34.89,-120.31
"516","Garnet",33.92,-116.49
"517","Gasquet",41.84,-123.97
"518","Gazelle",41.51,-122.52
"519","Georgetown",38.91,-120.84
"520","Gerber",40.06,-122.15
"521","Geyserville",38.72,-122.9
"522","Gilroy city",37,-121.58
"523","Glen Avon",34.02,-117.49
"524","Glen Ellen",38.36,-122.54
"525","Glendale city",34.18,-118.25
"526","Glendora city",34.14,-117.85
"527","Gold Mountain",39.76,-120.52
"528","Gold River",38.63,-121.25
"529","Golden Hills",35.15,-118.5
"530","Goleta city",34.44,-119.86
"531","Gonzales city",36.51,-121.44
"532","Good Hope",33.77,-117.28
"533","Goodyears Bar",39.55,-120.89
"534","Goshen",36.35,-119.42
"535","Graeagle",39.76,-120.65
"536","Grand Terrace city",34.03,-117.31
"537","Grangeville",36.34,-119.71
"538","Granite Bay",38.76,-121.17
"539","Granite Hills",32.8,-116.91
"540","Graniteville",39.44,-120.74
"541","Grass Valley city",39.22,-121.06
"542","Graton",38.44,-122.87
"543","Grayson",37.58,-121.18
"544","Greeley Hill",37.76,-120.13
"545","Green Acres",33.73,-117.08
"546","Green Valley",38.26,-122.16
"547","Green Valley",34.62,-118.41
"548","Greenacres",35.38,-119.12
"549","Greenfield",35.27,-119.01
"550","Greenfield city",36.32,-121.25
"551","Greenhorn",39.9,-120.76
"552","Greenview",41.55,-122.92
"553","Greenville",40.13,-120.95
"554","Grenada",41.64,-122.53
"555","Gridley city",39.36,-121.7
"556","Grimes",39.07,-121.9
"557","Grizzly Flats",38.64,-120.54
"558","Groveland",37.83,-120.24
"559","Grover Beach city",35.12,-120.62
"560","Guadalupe city",34.96,-120.57
"561","Guerneville",38.51,-122.99
"562","Guinda",38.83,-122.2
"563","Gustine city",37.25,-120.99
"564","Hacienda Heights",34,-117.97
"565","Half Moon Bay city",37.47,-122.44
"566","Hamilton Branch",40.28,-121.1
"567","Hamilton City",39.74,-122.01
"568","Hanford city",36.33,-119.65
"569","Happy Camp",41.81,-123.39
"570","Harbison Canyon",32.83,-116.84
"571","Hardwick",36.4,-119.72
"572","Hartland",36.65,-118.96
"573","Hartley",38.42,-121.95
"574","Hasley Canyon",34.48,-118.67
"575","Hat Creek",40.81,-121.48
"576","Hawaiian Gardens city",33.83,-118.07
"577","Hawthorne city",33.91,-118.35
"578","Hayfork",40.56,-123.13
"579","Hayward city",37.63,-122.11
"580","Healdsburg city",38.62,-122.87
"581","Heber",32.73,-115.52
"582","Hemet city",33.74,-116.99
"583","Herald",38.29,-121.23
"584","Hercules city",38.03,-122.29
"585","Herlong",40.14,-120.14
"586","Hermosa Beach city",33.87,-118.4
"587","Hesperia city",34.4,-117.31
"588","Hickman",37.63,-120.75
"589","Hidden Hills city",34.16,-118.66
"590","Hidden Meadows",33.22,-117.12
"591","Hidden Valley Lake",38.8,-122.55
"592","Highgrove",34.01,-117.31
"593","Highland city",34.11,-117.17
"594","Highlands-Baywood Park",37.52,-122.34
"595","Hillsborough town",37.56,-122.36
"596","Hilmar-Irwin",37.4,-120.85
"597","Hiouchi",41.79,-124.07
"598","Hollister city",36.86,-121.4
"599","Holtville city",32.81,-115.38
"600","Home Garden",36.3,-119.64
"601","Home Gardens",33.88,-117.51
"602","Homeland",33.75,-117.11
"603","Homestead Valley",34.27,-116.41
"604","Homewood Canyon",35.89,-117.39
"605","Honcut",39.33,-121.54
"606","Hood",38.37,-121.52
"607","Hopland",38.97,-123.12
"608","Hornbrook",41.91,-122.56
"609","Hornitos",37.5,-120.24
"610","Hughson city",37.6,-120.87
"611","Humboldt Hill",40.72,-124.2
"612","Huntington Beach city",33.69,-118.01
"613","Huntington Park city",33.98,-118.22
"614","Huron city",36.2,-120.1
"615","Hyampom",40.63,-123.47
"616","Hydesville",40.56,-124.08
"617","Idlewild",35.81,-118.67
"618","Idyllwild-Pine Cove",33.74,-116.73
"619","Imperial Beach city",32.57,-117.12
"620","Imperial city",32.84,-115.57
"621","Independence",36.83,-118.21
"622","Indian Falls",40.06,-120.98
"623","Indian Wells city",33.7,-116.34
"624","Indianola",40.81,-124.08
"625","Indio city",33.73,-116.24
"626","Indio Hills",33.84,-116.25
"627","Industry city",34.02,-117.93
"628","Inglewood city",33.96,-118.34
"629","Interlaken",36.95,-121.74
"630","Inverness",38.08,-122.85
"631","Inyokern",35.65,-117.82
"632","Ione city",38.36,-120.94
"633","Iron Horse",39.78,-120.48
"634","Irvine city",33.68,-117.77
"635","Irwindale city",34.11,-117.96
"636","Isla Vista",34.41,-119.86
"637","Isleton city",38.16,-121.61
"638","Ivanhoe",36.39,-119.22
"639","Jackson city",38.35,-120.77
"640","Jacumba",32.63,-116.18
"641","Jamestown",37.96,-120.41
"642","Jamul",32.72,-116.87
"643","Janesville",40.28,-120.53
"644","Jenner",38.45,-123.12
"645","Johannesburg",35.37,-117.64
"646","Johnstonville",40.38,-120.58
"647","Johnsville",39.77,-120.71
"648","Joshua Tree",34.12,-116.31
"649","Julian",33.07,-116.59
"650","Junction City",40.73,-123.06
"651","June Lake",37.77,-119.1
"652","Keddie",40.01,-120.95
"653","Keeler",36.48,-117.87
"654","Keene",35.23,-118.61
"655","Kelly Ridge",39.53,-121.47
"656","Kelseyville",38.97,-122.83
"657","Kennedy",37.93,-121.25
"658","Kennedy Meadows",36.01,-118.11
"659","Kensington",37.91,-122.28
"660","Kentfield",37.95,-122.55
"661","Kenwood",38.42,-122.54
"662","Kerman city",36.73,-120.06
"663","Kernville",35.75,-118.43
"664","Keswick",40.61,-122.46
"665","Kettleman City",36.01,-119.96
"666","Keyes",37.56,-120.91
"667","King City city",36.22,-121.13
"668","Kings Beach",39.25,-120.02
"669","Kingsburg city",36.52,-119.56
"670","Kingvale",39.32,-120.44
"671","Kirkwood",38.69,-120.06
"672","Klamath",41.53,-124.01
"673","Knights Landing",38.8,-121.72
"674","Knightsen",37.96,-121.65
"675","La Ca▒ada Flintridge city",34.21,-118.2
"676","La Crescenta-Montrose",34.23,-118.24
"677","La Habra city",33.93,-117.95
"678","La Habra Heights city",33.96,-117.95
"679","La Honda",37.32,-122.27
"680","La Mesa city",32.77,-117.02
"681","La Mirada city",33.9,-118.01
"682","La Palma city",33.85,-118.04
"683","La Porte",39.67,-120.99
"684","La Presa",32.71,-117
"685","La Puente city",34.03,-117.95
"686","La Quinta city",33.65,-116.28
"687","La Riviera",38.57,-121.35
"688","La Selva Beach",36.93,-121.84
"689","La Verne city",34.12,-117.77
"690","La Vina",36.88,-120.11
"691","Ladera",37.4,-122.2
"692","Ladera Heights",34,-118.37
"693","Ladera Ranch",33.55,-117.64
"694","Lafayette city",37.89,-122.12
"695","Laguna Beach city",33.54,-117.76
"696","Laguna Hills city",33.59,-117.7
"697","Laguna Niguel city",33.53,-117.7
"698","Laguna Woods city",33.61,-117.73
"699","Lagunitas-Forest Knolls",38.02,-122.69
"700","Lake Almanor Country Club",40.26,-121.15
"701","Lake Almanor Peninsula",40.28,-121.13
"702","Lake Almanor West",40.23,-121.2
"703","Lake Arrowhead",34.25,-117.19
"704","Lake California",40.36,-122.21
"705","Lake City",41.65,-120.23
"706","Lake Davis",39.86,-120.46
"707","Lake Don Pedro",37.65,-120.34
"708","Lake Elsinore city",33.68,-117.33
"709","Lake Forest city",33.66,-117.67
"710","Lake Hughes",34.68,-118.46
"711","Lake Isabella",35.64,-118.48
"712","Lake Los Angeles",34.61,-117.83
"713","Lake Mathews",33.82,-117.37
"714","Lake Nacimiento",35.73,-120.87
"715","Lake of the Pines",39.04,-121.06
"716","Lake of the Woods",34.82,-119
"717","Lake Riverside",33.52,-116.81
"718","Lake San Marcos",33.12,-117.21
"719","Lake Sherwood",34.13,-118.88
"720","Lake Wildwood",39.24,-121.2
"721","Lakehead",40.9,-122.39
"722","Lakeland Village",33.65,-117.37
"723","Lakeport city",39.04,-122.92
"724","Lakeside",32.86,-116.9
"725","Lakeview",33.83,-117.12
"726","Lakewood city",33.85,-118.12
"727","Lamont",35.27,-118.92
"728","Lanare",36.44,-119.93
"729","Lancaster city",34.69,-118.18
"730","Larkfield-Wikiup",38.51,-122.75
"731","Larkspur city",37.94,-122.53
"732","Las Flores",33.58,-117.62
"733","Las Flores",40.07,-122.16
"734","Las Lomas",36.87,-121.73
"735","Lathrop city",37.82,-121.31
"736","Laton",36.43,-119.69
"737","Lawndale city",33.89,-118.35
"738","Laytonville",39.67,-123.49
"739","Le Grand",37.23,-120.25
"740","Lebec",34.84,-118.9
"741","Lee Vining",37.95,-119.12
"742","Leggett",39.86,-123.73
"743","Lemon Cove",36.38,-119.03
"744","Lemon Grove city",32.73,-117.03
"745","Lemon Hill",38.52,-121.46
"746","Lemoore city",36.3,-119.8
"747","Lemoore Station",36.26,-119.9
"748","Lennox",33.94,-118.36
"749","Lenwood",34.89,-117.11
"750","Leona Valley",34.61,-118.3
"751","Lewiston",40.7,-122.82
"752","Lexington Hills",37.16,-121.99
"753","Likely",41.23,-120.5
"754","Lincoln city",38.87,-121.29
"755","Lincoln Village",38.01,-121.33
"756","Linda",39.12,-121.54
"757","Lindcove",36.36,-119.07
"758","Linden",38.02,-121.1
"759","Lindsay city",36.21,-119.09
"760","Linnell Camp",36.31,-119.22
"761","Litchfield",40.39,-120.38
"762","Little Grass Valley",39.73,-120.96
"763","Little River",39.27,-123.78
"764","Littlerock",34.52,-117.98
"765","Live Oak",36.99,-121.98
"766","Live Oak city",39.27,-121.67
"767","Livermore city",37.69,-121.76
"768","Livingston city",37.39,-120.73
"769","Lockeford",38.15,-121.16
"770","Lockwood",35.94,-121.08
"771","Lodi city",38.12,-121.29
"772","Lodoga",39.3,-122.51
"773","Loleta",40.64,-124.22
"774","Loma Linda city",34.04,-117.25
"775","Loma Mar",37.27,-122.3
"776","Loma Rica",39.32,-121.4
"777","Lomita city",33.79,-118.32
"778","Lompico",37.11,-122.05
"779","Lompoc city",34.66,-120.47
"780","London",36.48,-119.44
"781","Lone Pine",36.58,-118.08
"782","Long Barn",38.1,-120.13
"783","Long Beach city",33.81,-118.16
"784","Lookout",41.21,-121.15
"785","Loomis town",38.81,-121.2
"786","Los Alamitos city",33.8,-118.06
"787","Los Alamos",34.74,-120.28
"788","Los Altos city",37.37,-122.1
"789","Los Altos Hills town",37.37,-122.14
"790","Los Angeles city",34.11,-118.41
"791","Los Banos city",37.06,-120.84
"792","Los Berros",35.08,-120.55
"793","Los Gatos town",37.23,-121.96
"794","Los Molinos",40.03,-122.1
"795","Los Olivos",34.66,-120.12
"796","Los Osos",35.31,-120.82
"797","Los Ranchos",35.21,-120.63
"798","Lost Hills",35.63,-119.68
"799","Lower Lake",38.91,-122.61
"800","Loyalton city",39.68,-120.24
"801","Loyola",37.35,-122.1
"802","Lucas Valley-Marinwood",38.04,-122.58
"803","Lucerne",39.07,-122.78
"804","Lucerne Valley",34.44,-116.9
"805","Lynwood city",33.92,-118.2
"806","Lytle Creek",34.25,-117.5
"807","Mabie",39.78,-120.54
"808","Macdoel",41.83,-122.01
"809","Mad River",40.43,-123.49
"810","Madera Acres",37.01,-120.08
"811","Madera city",36.96,-120.08
"812","Magalia",39.82,-121.61
"813","Malaga",36.68,-119.73
"814","Malibu city",34.04,-118.78
"815","Mammoth Lakes town",37.63,-118.99
"816","Manchester",38.97,-123.69
"817","Manhattan Beach city",33.89,-118.4
"818","Manila",40.85,-124.16
"819","Manteca city",37.8,-121.23
"820","Manton",40.42,-121.85
"821","March ARB",33.89,-117.28
"822","Maricopa city",35.05,-119.41
"823","Marin City",37.87,-122.51
"824","Marina city",36.68,-121.79
"825","Marina del Rey",33.98,-118.45
"826","Mariposa",37.49,-119.98
"827","Markleeville",38.68,-119.82
"828","Martell",38.36,-120.8
"829","Martinez city",38,-122.12
"830","Marysville city",39.15,-121.58
"831","Matheny",36.17,-119.35
"832","Mather",38.55,-121.28
"833","Maxwell",39.28,-122.19
"834","Mayfair",36.77,-119.76
"835","Mayflower Village",34.12,-118.01
"836","Maywood city",33.99,-118.19
"837","McArthur",41.04,-121.41
"838","McClellan Park",38.66,-121.4
"839","McClenney Tract",35.82,-118.65
"840","McCloud",41.25,-122.14
"841","McFarland city",35.68,-119.24
"842","McGee Creek",37.57,-118.79
"843","McKinleyville",40.95,-124.09
"844","McKittrick",35.3,-119.62
"845","McSwain",37.31,-120.59
"846","Mead Valley",33.83,-117.29
"847","Meadow Valley",39.93,-121.08
"848","Meadow Vista",39,-121.03
"849","Meadowbrook",33.72,-117.28
"850","Mecca",33.58,-116.06
"851","Meiners Oaks",34.45,-119.27
"852","Mendocino",39.31,-123.83
"853","Mendota city",36.76,-120.38
"854","Menifee city",33.69,-117.18
"855","Menlo Park city",37.48,-122.15
"856","Mentone",34.06,-117.11
"857","Merced city",37.31,-120.48
"858","Meridian",39.14,-121.91
"859","Mesa",37.42,-118.54
"860","Mesa Verde",33.6,-114.73
"861","Mesa Vista",38.81,-119.8
"862","Mettler",35.06,-118.97
"863","Mexican Colony",35.47,-119.27
"864","Mi-Wuk Village",38.06,-120.18
"865","Middletown",38.75,-122.62
"866","Midpines",37.55,-119.95
"867","Midway City",33.74,-117.99
"868","Milford",40.16,-120.37
"869","Mill Valley city",37.91,-122.54
"870","Millbrae city",37.6,-122.4
"871","Millville",40.56,-122.17
"872","Milpitas city",37.43,-121.89
"873","Mineral",40.38,-121.57
"874","Minkler",36.73,-119.46
"875","Mira Loma",33.98,-117.52
"876","Mira Monte",34.43,-119.29
"877","Miranda",40.23,-123.82
"878","Mission Canyon",34.45,-119.71
"879","Mission Hills",34.69,-120.44
"880","Mission Viejo city",33.61,-117.66
"881","Modesto city",37.66,-120.99
"882","Mohawk Vista",39.8,-120.59
"883","Mojave",35.01,-118.19
"884","Mokelumne Hill",38.31,-120.71
"885","Monmouth",36.57,-119.74
"886","Mono City",38.04,-119.15
"887","Mono Vista",38.01,-120.27
"888","Monrovia city",34.17,-117.99
"889","Monson",36.49,-119.34
"890","Montague city",41.73,-122.53
"891","Montalvin Manor",38,-122.33
"892","Montara",37.55,-122.49
"893","Montclair city",34.07,-117.7
"894","Monte Rio",38.47,-123.01
"895","Monte Sereno city",37.24,-121.99
"896","Montebello city",34.02,-118.11
"897","Montecito",34.44,-119.63
"898","Monterey city",36.6,-121.88
"899","Monterey Park city",34.05,-118.13
"900","Monterey Park Tract",37.53,-121.01
"901","Montgomery Creek",40.84,-121.92
"902","Monument Hills",38.66,-121.88
"903","Moorpark city",34.29,-118.88
"904","Morada",38.04,-121.25
"905","Moraga town",37.84,-122.12
"906","Moreno Valley city",33.92,-117.2
"907","Morgan Hill city",37.13,-121.64
"908","Morongo Valley",34.07,-116.56
"909","Morro Bay city",35.37,-120.87
"910","Moskowite Corner",38.45,-122.19
"911","Moss Beach",37.52,-122.5
"912","Moss Landing",36.8,-121.79
"913","Mount Hebron",41.79,-122.01
"914","Mount Hermon",37.05,-122.05
"915","Mount Laguna",32.87,-116.42
"916","Mount Shasta city",41.32,-122.32
"917","Mountain Center",33.71,-116.72
"918","Mountain Gate",40.72,-122.33
"919","Mountain House",37.77,-121.55
"920","Mountain Mesa",35.64,-118.4
"921","Mountain Ranch",38.25,-120.51
"922","Mountain View Acres",34.5,-117.35
"923","Mountain View",38.01,-122.12
"924","Mountain View city",37.4,-122.08
"925","Muir Beach",37.87,-122.59
"926","Murphys",38.14,-120.43
"927","Murrieta city",33.57,-117.19
"928","Muscoy",34.15,-117.35
"929","Myers Flat",40.27,-123.87
"930","Myrtletown",40.79,-124.13
"931","Napa city",38.3,-122.3
"932","National City city",32.67,-117.1
"933","Needles city",34.82,-114.62
"934","Nevada City city",39.26,-121.02
"935","New Cuyama",34.94,-119.68
"936","New Pine Creek",41.99,-120.3
"937","Newark city",37.52,-122.03
"938","Newcastle",38.87,-121.13
"939","Newell",41.89,-121.37
"940","Newman city",37.32,-121.02
"941","Newport Beach city",33.6,-117.89
"942","Nicasio",38.06,-122.7
"943","Nice",39.13,-122.85
"944","Nicolaus",38.9,-121.57
"945","Niland",33.24,-115.51
"946","Nipinnawasee",37.4,-119.73
"947","Nipomo",35.03,-120.5
"948","Norco city",33.93,-117.55
"949","Nord",39.77,-121.95
"950","Norris Canyon",37.75,-121.99
"951","North Auburn",38.93,-121.08
"952","North Edwards",35.05,-117.81
"953","North El Monte",34.1,-118.02
"954","North Fair Oaks",37.48,-122.2
"955","North Gate",37.91,-122
"956","North Highlands",38.67,-121.37
"957","North Lakeport",39.09,-122.91
"958","North Richmond",37.96,-122.37
"959","North San Juan",39.37,-121.11
"960","North Shore",33.52,-115.91
"961","North Tustin",33.76,-117.79
"962","Norwalk city",33.91,-118.08
"963","Novato city",38.09,-122.56
"964","Nubieber",41.1,-121.18
"965","Nuevo",33.8,-117.14
"966","Oak Glen",34.05,-116.95
"967","Oak Hills",34.39,-117.41
"968","Oak Park",34.18,-118.77
"969","Oak Shores",35.76,-120.98
"970","Oak View",34.4,-119.3
"971","Oakdale city",37.76,-120.85
"972","Oakhurst",37.33,-119.65
"973","Oakland city",37.77,-122.22
"974","Oakley city",37.99,-121.7
"975","Oakville",38.44,-122.41
"976","Oasis",33.53,-116.13
"977","Occidental",38.4,-122.93
"978","Oceano",35.1,-120.61
"979","Oceanside city",33.22,-117.31
"980","Ocotillo",32.74,-116
"981","Oildale",35.42,-119.03
"982","Ojai city",34.45,-119.25
"983","Olancha",36.27,-118
"984","Old Fig Garden",36.8,-119.81
"985","Old Station",40.67,-121.42
"986","Olivehurst",39.08,-121.55
"987","Ontario city",34.04,-117.61
"988","Onyx",35.68,-118.21
"989","Orange city",33.8,-117.82
"990","Orange Cove city",36.62,-119.32
"991","Orangevale",38.69,-121.22
"992","Orcutt",34.87,-120.43
"993","Orick",41.29,-124.07
"994","Orinda city",37.88,-122.18
"995","Orland city",39.75,-122.19
"996","Orosi",36.54,-119.29
"997","Oroville city",39.5,-121.57
"998","Oroville East",39.49,-121.49
"999","Oxnard city",34.2,-119.21
"1000","Pacheco",37.99,-122.07
"1001","Pacific Grove city",36.62,-121.93
"1002","Pacifica city",37.61,-122.48
"1003","Pajaro",36.9,-121.74
"1004","Pajaro Dunes",36.87,-121.81
"1005","Palermo",39.43,-121.52
"1006","Palm Desert city",33.74,-116.37
"1007","Palm Springs city",33.8,-116.54
"1008","Palmdale city",34.59,-118.11
"1009","Palo Alto city",37.4,-122.14
"1010","Palo Cedro",40.55,-122.24
"1011","Palo Verde",33.43,-114.73
"1012","Palos Verdes Estates city",33.79,-118.4
"1013","Panorama Heights",35.81,-118.63
"1014","Paradise",37.48,-118.6
"1015","Paradise Park",37.01,-122.04
"1016","Paradise town",39.76,-121.61
"1017","Paramount city",33.9,-118.17
"1018","Parklawn",37.61,-120.98
"1019","Parksdale",36.95,-120.02
"1020","Parkway",38.5,-121.45
"1021","Parkwood",36.93,-120.05
"1022","Parlier city",36.61,-119.54
"1023","Pasadena city",34.16,-118.14
"1024","Pasatiempo",37,-122.03
"1025","Paskenta",39.88,-122.55
"1026","Patterson city",37.47,-121.14
"1027","Patterson Tract",36.38,-119.3
"1028","Patton Village",40.14,-120.18
"1029","Paxton",40.03,-121
"1030","Paynes Creek",40.34,-121.92
"1031","Pearsonville",35.82,-117.88
"1032","Pedley",33.98,-117.47
"1033","Penn Valley",39.2,-121.19
"1034","Penngrove",38.3,-122.67
"1035","Penryn",38.85,-121.17
"1036","Perris city",33.79,-117.22
"1037","Pescadero",37.25,-122.37
"1038","Petaluma city",38.24,-122.63
"1039","Peters",37.98,-121.04
"1040","Phelan",34.44,-117.52
"1041","Phillipsville",40.21,-123.78
"1042","Philo",39.07,-123.45
"1043","Phoenix Lake",38.01,-120.31
"1044","Pi▒on Hills",34.44,-117.62
"1045","Pico Rivera city",33.99,-118.09
"1046","Piedmont city",37.82,-122.23
"1047","Pierpoint",36.14,-118.63
"1048","Pike",39.43,-121
"1049","Pine Canyon",36.18,-121.15
"1050","Pine Flat",35.87,-118.64
"1051","Pine Grove",38.41,-120.66
"1052","Pine Hills",40.73,-124.16
"1053","Pine Mountain Club",34.84,-119.17
"1054","Pine Mountain Lake",37.86,-120.18
"1055","Pine Valley",32.84,-116.51
"1056","Pinole city",38.01,-122.32
"1057","Pioneer",38.44,-120.58
"1058","Piru",34.41,-118.8
"1059","Pismo Beach city",35.14,-120.67
"1060","Pittsburg city",38.02,-121.9
"1061","Pixley",35.98,-119.29
"1062","Placentia city",33.88,-117.86
"1063","Placerville city",38.73,-120.8
"1064","Plainview",36.14,-119.14
"1065","Planada",37.29,-120.32
"1066","Pleasant Hill city",37.95,-122.08
"1067","Pleasanton city",37.67,-121.88
"1068","Pleasure Point",36.96,-121.97
"1069","Plumas Eureka",39.8,-120.66
"1070","Plumas Lake",38.99,-121.56
"1071","Plymouth city",38.48,-120.84
"1072","Point Arena city",38.91,-123.7
"1073","Point Reyes Station",38.08,-122.81
"1074","Pollock Pines",38.76,-120.59
"1075","Pomona city",34.06,-117.76
"1076","Ponderosa",36.11,-118.53
"1077","Poplar-Cotton Center",36.06,-119.15
"1078","Port Costa",38.04,-122.18
"1079","Port Hueneme city",34.16,-119.2
"1080","Porterville city",36.06,-119.03
"1081","Portola city",39.82,-120.47
"1082","Portola Valley town",37.37,-122.22
"1083","Posey",35.8,-118.68
"1084","Poso Park",35.81,-118.64
"1085","Potrero",32.61,-116.61
"1086","Potter Valley",39.32,-123.11
"1087","Poway city",32.99,-117.02
"1088","Prattville",40.21,-121.16
"1089","Princeton",39.4,-122.02
"1090","Proberta",40.08,-122.18
"1091","Prunedale",36.81,-121.66
"1092","Quartz Hill",34.65,-118.22
"1093","Quincy",39.93,-120.95
"1094","Rackerby",39.43,-121.35
"1095","Rail Road Flat",38.32,-120.49
"1096","Rainbow",33.41,-117.14
"1097","Raisin City",36.6,-119.91
"1098","Ramona",33.05,-116.88
"1099","Rancho Calaveras",38.12,-120.86
"1100","Rancho Cordova city",38.57,-121.25
"1101","Rancho Cucamonga city",34.12,-117.57
"1102","Rancho Mirage city",33.76,-116.43
"1103","Rancho Murieta",38.51,-121.07
"1104","Rancho Palos Verdes city",33.76,-118.36
"1105","Rancho San Diego",32.76,-116.92
"1106","Rancho Santa Fe",33.02,-117.2
"1107","Rancho Santa Margarita city",33.63,-117.6
"1108","Rancho Tehama Reserve",40,-122.44
"1109","Randsburg",35.37,-117.66
"1110","Red Bluff city",40.17,-122.24
"1111","Red Corral",38.41,-120.61
"1112","Redcrest",40.4,-123.95
"1113","Redding city",40.57,-122.37
"1114","Redlands city",34.05,-117.17
"1115","Redondo Beach city",33.86,-118.38
"1116","Redway",40.12,-123.82
"1117","Redwood City city",37.52,-122.21
"1118","Redwood Valley",39.27,-123.2
"1119","Reedley city",36.6,-119.45
"1120","Reliez Valley",37.94,-122.1
"1121","Rialto city",34.11,-117.39
"1122","Richfield",39.97,-122.17
"1123","Richgrove",35.8,-119.11
"1124","Richmond city",37.95,-122.36
"1125","Richvale",39.49,-121.75
"1126","Ridgecrest city",35.63,-117.66
"1127","Ridgemark",36.81,-121.36
"1128","Rio del Mar",36.96,-121.88
"1129","Rio Dell city",40.5,-124.11
"1130","Rio Linda",38.69,-121.44
"1131","Rio Oso",38.95,-121.53
"1132","Rio Vista city",38.18,-121.7
"1133","Ripley",33.52,-114.65
"1134","Ripon city",37.74,-121.13
"1135","River Pines",38.55,-120.75
"1136","Riverbank city",37.73,-120.94
"1137","Riverdale",36.43,-119.87
"1138","Riverdale Park",37.6,-121.04
"1139","Riverside city",33.94,-117.39
"1140","Robbins",38.87,-121.71
"1141","Robinson Mill",39.49,-121.32
"1142","Rocklin city",38.81,-121.25
"1143","Rodeo",38.04,-122.25
"1144","Rodriguez Camp",35.81,-119.14
"1145","Rohnert Park city",38.35,-122.7
"1146","Rolling Hills",36.9,-119.8
"1147","Rolling Hills city",33.76,-118.35
"1148","Rolling Hills Estates city",33.78,-118.35
"1149","Rollingwood",37.97,-122.33
"1150","Romoland",33.76,-117.16
"1151","Rosamond",34.87,-118.22
"1152","Rose Hills",34.01,-118.04
"1153","Rosedale",35.39,-119.2
"1154","Roseland",38.42,-122.73
"1155","Rosemead city",34.07,-118.08
"1156","Rosemont",38.55,-121.36
"1157","Roseville city",38.77,-121.3
"1158","Ross town",37.96,-122.56
"1159","Rossmoor",33.79,-118.08
"1160","Rough and Ready",39.23,-121.14
"1161","Round Mountain",40.8,-121.94
"1162","Round Valley",37.41,-118.58
"1163","Rouse",37.62,-121.01
"1164","Rowland Heights",33.97,-117.89
"1165","Rubidoux",33.99,-117.42
"1166","Running Springs",34.21,-117.11
"1167","Ruth",40.29,-123.35
"1168","Rutherford",38.46,-122.42
"1169","Sacramento city",38.57,-121.47
"1170","Salida",37.72,-121.09
"1171","Salinas city",36.69,-121.63
"1172","Salmon Creek",38.35,-123.06
"1173","Salton City",33.3,-115.96
"1174","Salton Sea Beach",33.38,-116.01
"1175","Samoa",40.81,-124.19
"1176","San Andreas",38.19,-120.68
"1177","San Anselmo town",37.98,-122.57
"1178","San Antonio Heights",34.16,-117.66
"1179","San Ardo",36.02,-120.91
"1180","San Bernardino city",34.14,-117.3
"1181","San Bruno city",37.63,-122.43
"1182","San Buenaventura (Ventura) city",34.27,-119.25
"1183","San Carlos city",37.5,-122.27
"1184","San Clemente city",33.45,-117.61
"1185","San Diego city",32.82,-117.13
"1186","San Diego Country Estates",33.01,-116.79
"1187","San Dimas city",34.11,-117.81
"1188","San Fernando city",34.29,-118.44
"1189","San Francisco city",37.76,-122.69
"1190","San Gabriel city",34.09,-118.1
"1191","San Geronimo",38.01,-122.66
"1192","San Jacinto city",33.8,-116.99
"1193","San Joaquin city",36.61,-120.19
"1194","San Jose city",37.3,-121.85
"1195","San Juan Bautista city",36.85,-121.54
"1196","San Juan Capistrano city",33.5,-117.65
"1197","San Leandro city",37.7,-122.16
"1198","San Lorenzo",37.67,-122.13
"1199","San Lucas",36.13,-121.02
"1200","San Luis Obispo city",35.27,-120.67
"1201","San Marcos city",33.13,-117.17
"1202","San Marino city",34.12,-118.11
"1203","San Martin",37.08,-121.6
"1204","San Mateo city",37.56,-122.31
"1205","San Miguel",37.89,-122.04
"1206","San Miguel",35.75,-120.69
"1207","San Pablo city",37.96,-122.34
"1208","San Pasqual",34.14,-118.1
"1209","San Rafael city",37.98,-122.51
"1210","San Ramon city",37.76,-121.94
"1211","San Simeon",35.62,-121.14
"1212","Sand City city",36.63,-121.86
"1213","Sanger city",36.7,-119.56
"1214","Santa Ana city",33.74,-117.88
"1215","Santa Barbara city",34.4,-119.71
"1216","Santa Clara city",37.36,-121.97
"1217","Santa Clarita city",34.41,-118.5
"1218","Santa Cruz city",36.97,-122.04
"1219","Santa Fe Springs city",33.93,-118.06
"1220","Santa Margarita",35.39,-120.61
"1221","Santa Maria city",34.93,-120.44
"1222","Santa Monica city",34.02,-118.48
"1223","Santa Nella",37.1,-121.02
"1224","Santa Paula city",34.35,-119.07
"1225","Santa Rosa city",38.45,-122.71
"1226","Santa Rosa Valley",34.25,-118.9
"1227","Santa Susana",34.26,-118.67
"1228","Santa Venetia",38.01,-122.5
"1229","Santa Ynez",34.62,-120.09
"1230","Santee city",32.86,-116.98
"1231","Saranap",37.89,-122.08
"1232","Saratoga city",37.27,-122.03
"1233","Saticoy",34.28,-119.15
"1234","Sattley",39.63,-120.44
"1235","Sausalito city",37.86,-122.49
"1236","Scotia",40.48,-124.1
"1237","Scotts Valley city",37.06,-122.01
"1238","Sea Ranch",38.72,-123.45
"1239","Seacliff",36.98,-121.92
"1240","Seal Beach city",33.75,-118.07
"1241","Searles Valley",35.77,-117.4
"1242","Seaside city",36.62,-121.82
"1243","Sebastopol city",38.4,-122.83
"1244","Seeley",32.79,-115.68
"1245","Selma city",36.57,-119.62
"1246","Sequoia Crest",36.19,-118.63
"1247","Sereno del Mar",38.38,-123.07
"1248","Seville",36.49,-119.22
"1249","Shackelford",37.61,-120.99
"1250","Shafter city",35.48,-119.2
"1251","Shandon",35.65,-120.38
"1252","Shasta",40.59,-122.48
"1253","Shasta Lake city",40.68,-122.38
"1254","Shaver Lake",37.1,-119.32
"1255","Shell Ridge",37.91,-122.03
"1256","Shelter Cove",40.04,-124.06
"1257","Sheridan",38.97,-121.36
"1258","Shingle Springs",38.67,-120.94
"1259","Shingletown",40.5,-121.86
"1260","Shoshone",35.95,-116.31
"1261","Sierra Brooks",39.64,-120.22
"1262","Sierra City",39.57,-120.63
"1263","Sierra Madre city",34.17,-118.05
"1264","Sierra Village",38.08,-120.16
"1265","Sierraville",39.58,-120.36
"1266","Signal Hill city",33.8,-118.17
"1267","Silver City",36.46,-118.65
"1268","Silver Lakes",34.75,-117.34
"1269","Silverado Resort",38.35,-122.26
"1270","Simi Valley city",34.27,-118.75
"1271","Sisquoc",34.86,-120.29
"1272","Sky Valley",33.89,-116.35
"1273","Sleepy Hollow",38.01,-122.59
"1274","Smartsville",39.21,-121.29
"1275","Smith Corner",35.48,-119.28
"1276","Smith River",41.92,-124.15
"1277","Snelling",37.52,-120.44
"1278","Soda Bay",39,-122.78
"1279","Soda Springs",39.32,-120.38
"1280","Solana Beach city",32.99,-117.26
"1281","Soledad city",36.44,-121.34
"1282","Solvang city",34.59,-120.14
"1283","Sonoma city",38.29,-122.46
"1284","Sonora city",37.98,-120.38
"1285","Soquel",37,-121.95
"1286","Soulsbyville",37.99,-120.26
"1287","South Dos Palos",36.97,-120.65
"1288","South El Monte city",34.05,-118.05
"1289","South Gate city",33.94,-118.19
"1290","South Lake Tahoe city",38.94,-119.98
"1291","South Monrovia Island",34.12,-118
"1292","South Oroville",39.48,-121.54
"1293","South Pasadena city",34.11,-118.16
"1294","South San Francisco city",37.65,-122.34
"1295","South San Gabriel",34.05,-118.1
"1296","South San Jose Hills",34.01,-117.9
"1297","South Taft",35.13,-119.46
"1298","South Whittier",33.93,-118.03
"1299","Spaulding",40.66,-120.79
"1300","Spreckels",36.62,-121.65
"1301","Spring Garden",39.9,-120.79
"1302","Spring Valley",32.73,-116.98
"1303","Spring Valley",39.08,-122.6
"1304","Spring Valley Lake",34.5,-117.27
"1305","Springville",36.12,-118.83
"1306","Squaw Valley",36.69,-119.2
"1307","Squirrel Mountain Valley",35.62,-118.41
"1308","St. Helena city",38.5,-122.47
"1309","Stallion Springs",35.09,-118.65
"1310","Stanford",37.43,-122.17
"1311","Stanton city",33.8,-117.99
"1312","Stevenson Ranch",34.39,-118.59
"1313","Stevinson",37.32,-120.85
"1314","Stinson Beach",37.91,-122.65
"1315","Stirling City",39.91,-121.54
"1316","Stockton city",37.98,-121.31
"1317","Stonyford",39.37,-122.54
"1318","Storrie",39.92,-121.32
"1319","Stratford",36.19,-119.82
"1320","Strathmore",36.14,-119.06
"1321","Strawberry",37.89,-122.51
"1322","Strawberry",38.2,-120.01
"1323","Sugarloaf Mountain Park",35.84,-118.6
"1324","Sugarloaf Saw Mill",35.83,-118.62
"1325","Sugarloaf Village",35.83,-118.64
"1326","Suisun City city",38.25,-122.01
"1327","Sultana",36.55,-119.34
"1328","Summerland",34.43,-119.59
"1329","Sun Village",34.56,-117.96
"1330","Sunny Slopes",37.57,-118.68
"1331","Sunnyside",36.73,-119.69
"1332","Sunnyside-Tahoe City",39.15,-120.16
"1333","Sunnyslope",34.02,-117.43
"1334","Sunnyvale city",37.39,-122.03
"1335","Sunol",37.59,-121.89
"1336","Sunset Beach",33.72,-118.07
"1337","Susanville city",40.42,-120.61
"1338","Sutter",39.16,-121.75
"1339","Sutter Creek city",38.38,-120.81
"1340","Swall Meadows",37.51,-118.64
"1341","Taft city",35.13,-119.42
"1342","Taft Heights",35.13,-119.47
"1343","Taft Mosswood",37.91,-121.28
"1344","Tahoe Vista",39.25,-120.05
"1345","Tahoma",39.06,-120.14
"1346","Talmage",39.13,-123.16
"1347","Tamalpais-Homestead Valley",37.88,-122.54
"1348","Tara Hills",37.99,-122.32
"1349","Tarpey Village",36.79,-119.7
"1350","Taylorsville",40.06,-120.84
"1351","Tecopa",35.84,-116.21
"1352","Tehachapi city",35.13,-118.48
"1353","Tehama city",40.02,-122.13
"1354","Temecula city",33.5,-117.12
"1355","Temelec",38.26,-122.5
"1356","Temescal Valley",33.76,-117.47
"1357","Temple City city",34.1,-118.06
"1358","Templeton",35.56,-120.72
"1359","Tennant",41.58,-121.91
"1360","Terminous",38.12,-121.49
"1361","Terra Bella",35.96,-119.03
"1362","Teviston",35.93,-119.28
"1363","Thermal",33.63,-116.13
"1364","Thermalito",39.49,-121.62
"1365","Thornton",38.23,-121.43
"1366","Thousand Oaks city",34.19,-118.87
"1367","Thousand Palms",33.81,-116.35
"1368","Three Rivers",36.43,-118.88
"1369","Three Rocks",36.51,-120.39
"1370","Tiburon town",37.89,-122.45
"1371","Timber Cove",38.54,-123.26
"1372","Tipton",36.06,-119.31
"1373","Tobin",39.94,-121.3
"1374","Tomales",38.25,-122.91
"1375","Tonyville",36.25,-119.09
"1376","Tooleville",36.29,-119.12
"1377","Topanga",34.1,-118.61
"1378","Topaz",38.66,-119.53
"1379","Toro Canyon",34.42,-119.56
"1380","Torrance city",33.83,-118.34
"1381","Tracy city",37.72,-121.44
"1382","Tranquillity",36.65,-120.25
"1383","Traver",36.45,-119.48
"1384","Tres Pinos",36.79,-121.31
"1385","Trinidad city",41.06,-124.14
"1386","Trinity Center",40.98,-122.71
"1387","Trinity Village",40.88,-123.51
"1388","Trona",35.81,-117.34
"1389","Trowbridge",38.93,-121.51
"1390","Truckee town",39.35,-120.18
"1391","Tulare city",36.2,-119.34
"1392","Tulelake city",41.95,-121.48
"1393","Tuolumne City",37.96,-120.24
"1394","Tupman",35.3,-119.36
"1395","Turlock city",37.51,-120.86
"1396","Tustin city",33.73,-117.81
"1397","Tuttle",37.3,-120.38
"1398","Tuttletown",38,-120.45
"1399","Twain",40.04,-121.04
"1400","Twain Harte",38.04,-120.23
"1401","Twentynine Palms city",34.15,-116.07
"1402","Twin Lakes",36.96,-121.99
"1403","Ukiah city",39.15,-123.21
"1404","Union City city",37.6,-122.02
"1405","University of California Davis",38.54,-121.76
"1406","University of California Merced",37.37,-120.42
"1407","Upland city",34.12,-117.66
"1408","Upper Lake",39.17,-122.91
"1409","Vacaville city",38.36,-121.97
"1410","Val Verde",34.45,-118.67
"1411","Valinda",34.04,-117.93
"1412","Valle Vista",33.74,-116.89
"1413","Vallecito",38.07,-120.46
"1414","Vallejo city",38.11,-122.26
"1415","Valley Acres",35.21,-119.41
"1416","Valley Center",33.23,-117.02
"1417","Valley Ford",38.32,-122.91
"1418","Valley Home",37.83,-120.92
"1419","Valley Ranch",39.74,-120.56
"1420","Valley Springs",38.18,-120.82
"1421","Valley Wells",35.88,-117.34
"1422","Vandenberg AFB",34.75,-120.52
"1423","Vandenberg Village",34.71,-120.46
"1424","Verdi",39.52,-120.02
"1425","Vernon city",34,-118.21
"1426","Victor",38.14,-121.2
"1427","Victorville city",34.53,-117.35
"1428","View Park-Windsor Hills",34,-118.35
"1429","Villa Park city",33.82,-117.81
"1430","Vina",39.93,-122.05
"1431","Vincent",34.1,-117.92
"1432","Vine Hill",38.01,-122.09
"1433","Vineyard",38.47,-121.32
"1434","Visalia city",36.33,-119.33
"1435","Vista city",33.19,-117.24
"1436","Vista Santa Rosa",33.62,-116.21
"1437","Volcano",38.45,-120.63
"1438","Volta",37.09,-120.92
"1439","Walker",38.53,-119.46
"1440","Wallace",38.2,-120.96
"1441","Walnut city",34.03,-117.86
"1442","Walnut Creek city",37.9,-122.04
"1443","Walnut Grove",38.25,-121.53
"1444","Walnut Park",33.97,-118.22
"1445","Warm Springs",33.7,-117.33
"1446","Warner Valley",40.4,-121.32
"1447","Wasco city",35.59,-119.37
"1448","Washington",39.36,-120.79
"1449","Waterford city",37.64,-120.76
"1450","Waterloo",38.04,-121.18
"1451","Watsonville city",36.92,-121.77
"1452","Waukena",36.14,-119.51
"1453","Wawona",37.55,-119.64
"1454","Weaverville",40.75,-122.93
"1455","Weed city",41.41,-122.38
"1456","Weedpatch",35.24,-118.91
"1457","Weldon",35.64,-118.31
"1458","Weott",40.32,-123.92
"1459","West Athens",33.92,-118.3
"1460","West Bishop",37.36,-118.45
"1461","West Carson",33.82,-118.29
"1462","West Covina city",34.06,-117.91
"1463","West Goshen",36.35,-119.45
"1464","West Hollywood city",34.09,-118.37
"1465","West Menlo Park",37.43,-122.2
"1466","West Modesto",37.62,-121.04
"1467","West Park",36.71,-119.85
"1468","West Point",38.4,-120.54
"1469","West Puente Valley",34.05,-117.97
"1470","West Rancho Dominguez",33.89,-118.27
"1471","West Sacramento city",38.56,-121.55
"1472","West Whittier-Los Nietos",33.98,-118.07
"1473","Westhaven-Moonstone",41.04,-124.1
"1474","Westlake Village city",34.14,-118.82
"1475","Westley",37.55,-121.21
"1476","Westminster city",33.75,-117.99
"1477","Westmont",33.94,-118.3
"1478","Westmorland city",33.04,-115.62
"1479","Westwood",40.3,-121
"1480","Wheatland city",39.01,-121.43
"1481","Whitehawk",39.72,-120.55
"1482","Whitewater",33.94,-116.69
"1483","Whitley Gardens",35.66,-120.51
"1484","Whittier city",33.97,-118.02
"1485","Wildomar city",33.62,-117.26
"1486","Wilkerson",37.28,-118.39
"1487","Williams city",39.15,-122.14
"1488","Willits city",39.4,-123.35
"1489","Willow Creek",40.94,-123.64
"1490","Willowbrook",33.92,-118.25
"1491","Willows city",39.51,-122.2
"1492","Wilsonia",36.73,-118.96
"1493","Wilton",38.41,-121.21
"1494","Winchester",33.71,-117.08
"1495","Windsor town",38.54,-122.81
"1496","Winter Gardens",32.84,-116.93
"1497","Winterhaven",32.74,-114.64
"1498","Winters city",38.53,-121.98
"1499","Winton",37.39,-120.62
"1500","Wofford Heights",35.71,-118.47
"1501","Woodacre",38.01,-122.64
"1502","Woodbridge",38.17,-121.31
"1503","Woodcrest",33.88,-117.37
"1504","Woodlake city",36.41,-119.1
"1505","Woodland city",38.67,-121.75
"1506","Woodlands",35.03,-120.55
"1507","Woodside town",37.42,-122.26
"1508","Woodville",36.09,-119.2
"1509","Wrightwood",34.35,-117.63
"1510","Yankee Hill",39.7,-121.51
"1511","Yettem",36.49,-119.25
"1512","Yolo",38.74,-121.81
"1513","Yorba Linda city",33.89,-117.77
"1514","Yosemite Lakes",37.19,-119.77
"1515","Yosemite Valley",37.74,-119.58
"1516","Yountville city",38.4,-122.37
"1517","Yreka city",41.73,-122.63
"1518","Yuba City city",39.14,-121.64
"1519","Yucaipa city",34.03,-117.04
"1520","Yucca Valley town",34.12,-116.42
"1521","Zayante",37.09,-122.04
